0,1,2,3,4,5,6,7
1,neville,kalunda,2003-01-21,kalnev@example.com,password,0712345678,2023-04-11 08:36:58
2,deville,patrick,2006-07-20,devpat@example.com,pass,0787654321,2023-04-11 08:36:58
3,John,Doe,1990-05-10,john.doe@email.com,password123,+1-555-555-5555,2023-04-11 08:36:58
4,Jane,Doe,1992-08-15,jane.doe@email.com,password123,+1-555-555-5555,2023-04-11 08:36:58
5,Bob,Smith,1985-02-20,bob.smith@email.com,password123,+1-555-555-5555,2023-04-11 08:36:58
6,Mary,Johnson,1978-11-25,mary.johnson@email.com,password123,+1-555-555-5555,2023-04-11 08:36:58
7,David,Lee,1995-03-05,david.lee@email.com,password123,+1-555-555-5555,2023-04-11 08:36:58
8,Sarah,Taylor,1980-06-15,sarah.taylor@email.com,password123,+1-555-555-5555,2023-04-11 08:36:58
9,Michael,Davis,1998-09-22,michael.davis@email.com,password123,+1-555-555-5555,2023-04-11 08:36:58
10,Jennifer,Clark,1991-12-28,jennifer.clark@email.com,password123,+1-555-555-5555,2023-04-11 08:36:58
11,James,Brown,1987-04-02,james.brown@email.com,password123,+1-555-555-5555,2023-04-11 08:36:58
12,Emily,Wilson,1975-07-12,emily.wilson@email.com,password123,+1-555-555-5555,2023-04-11 08:36:58
13,Alice,Anderson,1993-01-12,alice.anderson@email.com,password123,+1-555-555-5555,2023-04-11 08:36:58
14,Kevin,Carter,1989-04-18,kevin.carter@email.com,password123,+1-555-555-5555,2023-04-11 08:36:58
15,Linda,Williams,1983-07-22,linda.williams@email.com,password123,+1-555-555-5555,2023-04-11 08:36:58
16,Brian,Nguyen,1996-10-05,brian.nguyen@email.com,password123,+1-555-555-5555,2023-04-11 08:36:58
17,Melissa,Garcia,1990-03-18,melissa.garcia@email.com,password123,+1-555-555-5555,2023-04-11 08:36:58
18,Mark,Jackson,1987-08-10,mark.jackson@email.com,password123,+1-555-555-5555,2023-04-11 08:36:58
19,Rachel,Davis,1992-11-15,rachel.davis@email.com,password123,+1-555-555-5555,2023-04-11 08:36:58
20,William,Lee,1985-12-28,william.lee@email.com,password123,+1-555-555-5555,2023-04-11 08:36:58
21,Karen,Johnson,1978-09-01,karen.johnson@email.com,password123,+1-555-555-5555,2023-04-11 08:36:58
22,Eric,Miller,1998-06-12,eric.miller@email.com,password123,+1-555-555-5555,2023-04-11 08:36:58
23,Emma,Taylor,1991-02-09,emma.taylor@email.com,password123,+1-555-555-5555,2023-04-11 08:36:58
24,Nathan,Harris,1994-05-23,nathan.harris@email.com,password123,+1-555-555-5555,2023-04-11 08:36:58
25,Catherine,Clark,1988-08-06,catherine.clark@email.com,password123,+1-555-555-5555,2023-04-11 08:36:58
26,Andrew,Rodriguez,1984-11-20,andrew.rodriguez@email.com,password123,+1-555-555-5555,2023-04-11 08:36:58
27,Sophie,Parker,1997-02-28,sophie.parker@email.com,password123,+1-555-555-5555,2023-04-11 08:36:58
28,David,Campbell,1989-07-15,david.campbell@email.com,password123,+1-555-555-5555,2023-04-11 08:36:58
29,Isabella,Collins,1992-12-01,isabella.collins@email.com,password123,+1-555-555-5555,2023-04-11 08:36:58
30,Jacob,Stewart,1987-03-17,jacob.stewart@email.com,password123,+1-555-555-5555,2023-04-11 08:36:58
31,Olivia,Turner,1995-06-08,olivia.turner@email.com,password123,+1-555-555-5555,2023-04-11 08:36:58
32,Michael,Morris,1983-09-22,michael.morris@email.com,password123,+1-555-555-5555,2023-04-11 08:36:58
33,david,roy,1996-12-12,daveroy@gmail.com,pass,pph,2023-04-12 15:12:47
